title,price,location,date_posted,link,category_id
Car seat cover vsp,"₹ 4,200","SEETAMMA PETA, VISAKHAPATNAM",APR 17,https://www.olx.in/item/spare-parts-c1585-audio-other-accessories-in-seetamma-peta-visakhapatnam-iid-1804345294,1585
Car Cover for sale,"₹ 2,000","KENCHANAPURA CROSS, BENGALURU",TODAY,https://www.olx.in/item/spare-parts-c1585-other-spare-parts-in-kenchanapura-cross-bengaluru-iid-1806385301,1585
All cars side mirror cover abs plastic piano black batman style,"₹ 2,500","DWARKA SECTOR 98, DELHI",TODAY,https://www.olx.in/item/spare-parts-c1585-all-cars-side-mirror-cover-abs-plastic-piano-black-batman-style-in-dwarka-sector-98-delhi-iid-1800587295,1585
Maruthi Suzuki 800 car protection cover,"₹ 1,200","HASANABAD, HYDERABAD",TODAY,https://www.olx.in/item/spare-parts-c1585-audio-other-accessories-in-hasanabad-hyderabad-iid-1806373852,1585
Car covers for Taigun Suv and i10,"₹ 1,500","JAYANAGAR, BENGALURU",TODAY,https://www.olx.in/item/spare-parts-c1585-other-spare-parts-in-jayanagar-bengaluru-iid-1806346825,1585
Car seat cover koc,"₹ 13,000","THYKOODAM, KOCHI",TODAY,https://www.olx.in/item/spare-parts-c1585-audio-other-accessories-in-thykoodam-kochi-iid-1806338066,1585
Car Seat Covers del,"₹ 3,800","TEEN MURTI MARG AREA, DELHI",APR 22,https://www.olx.in/item/spare-parts-c1585-audio-other-accessories-in-teen-murti-marg-area-delhi-iid-1804756254,1585
Swift Car Cover for sale,"₹ 1,100","PATRAN 176, PATRAN",YESTERDAY,https://www.olx.in/item/spare-parts-c1585-audio-other-accessories-in-patran-176-patran-iid-1806309597,1585
Recaro Santro Car Cover,₹ 800,"YOGI NAGAR TOWNSHIP, VADODARA",YESTERDAY,https://www.olx.in/item/spare-parts-c1587-recaro-santro-car-cover-in-yogi-nagar-township-vadodara-iid-1806305191,1587
Dash cam & Nexon reserve camera car cover,"₹ 10,000","SATHAGALLI LAYOUT, MYSURU",YESTERDAY,https://www.olx.in/item/spare-parts-c1585-audio-other-accessories-in-sathagalli-layout-mysuru-iid-1803781287,1585
Stylish Car cover,"₹ 1,500","PALDI MEENA, JAIPUR",YESTERDAY,https://www.olx.in/item/spare-parts-c1585-other-spare-parts-in-paldi-meena-jaipur-iid-1803022931,1585
baleno orvm brand new and alto car cover original and gear nob baleno,"₹ 4,500","KHADARWALA, MUZAFFARNAGAR",YESTERDAY,https://www.olx.in/item/spare-parts-c1585-other-spare-parts-in-khadarwala-muzaffarnagar-iid-1789277444,1585
Car cover of kia seltos,"₹ 1,000","BHUMKAR CHOWK ROAD, PUNE",YESTERDAY,https://www.olx.in/item/spare-parts-c1585-audio-other-accessories-in-bhumkar-chowk-road-pune-iid-1806267899,1585
Alto 800/K10 similar car body cover,₹ 500,"MAHADEB NAGAR JHARAPADA, BHUBANESHWAR",YESTERDAY,https://www.olx.in/item/spare-parts-c1585-other-spare-parts-in-mahadeb-nagar-jharapada-bhubaneshwar-iid-1806261927,1585
All types of car seats covers available,"₹ 2,600","SHIVPURI, LUDHIANA",YESTERDAY,https://www.olx.in/item/spare-parts-c1585-other-spare-parts-in-shivpuri-ludhiana-iid-1806257352,1585
All Maruthi Seat cover car stereo,"₹ 1,000","PANAMARAM, WAYANAD",YESTERDAY,https://www.olx.in/item/spare-parts-c1585-audio-other-accessories-in-panamaram-wayanad-iid-1796086514,1585
Seat cover for all cars and traveller,"₹ 6,000","GANDHIPURAM, COIMBATORE",YESTERDAY,https://www.olx.in/item/spare-parts-c1585-audio-other-accessories-in-gandhipuram-coimbatore-iid-1803486034,1585
Maruti Swift Car Cover,₹ 849,"20 DUKAN, JAIPUR",YESTERDAY,https://www.olx.in/item/spare-parts-c1585-maruti-swift-car-cover-in-20-dukan-jaipur-iid-1806238897,1585
Brembo caliper covers for all cars,₹ 700,"GACHIBOWLI, HYDERABAD",YESTERDAY,https://www.olx.in/item/spare-parts-c1585-brembo-caliper-covers-for-all-cars-in-gachibowli-hyderabad-iid-1800430070,1585
Brembo brake caliper covers all colours available for all cars,₹ 699,"BEGUMPET, HYDERABAD",2 DAYS AGO,https://www.olx.in/item/spare-parts-c1585-brembo-brake-caliper-covers-all-colours-available-for-all-cars-in-begumpet-hyderabad-iid-1805724400,1585
Car seat cover blr,"₹ 3,800","BVK IYENGAR ROAD BANGALORE, BENGALURU",2 DAYS AGO,https://www.olx.in/item/spare-parts-c1585-audio-other-accessories-in-bvk-iyengar-road-bangalore-bengaluru-iid-1805787530,1585
Defander car stepni cover,"₹ 15,000","ASHOK VIHAR, DELHI",2 DAYS AGO,https://www.olx.in/item/spare-parts-c1585-other-spare-parts-in-ashok-vihar-delhi-iid-1669544151,1585
"Car Hand Rest , 3 Way Speakers , Stearing Cover",₹ 300,"ALANDI ROAD, PUNE",2 DAYS AGO,https://www.olx.in/item/spare-parts-c1585-car-hand-rest-3-way-speakers-stearing-cover-in-alandi-road-pune-iid-1805994797,1585
Ecco car cover,"₹ 1,500","OMEX CITY, LUCKNOW",2 DAYS AGO,https://www.olx.in/item/spare-parts-c1585-other-spare-parts-in-omex-city-lucknow-iid-1805895660,1585
WAGONR CAR COVER,₹ 500,"NEW INDUSTRIAL TOWNSHIP 2, FARIDABAD",2 DAYS AGO,https://www.olx.in/item/spare-parts-c1585-other-spare-parts-in-new-industrial-township-2-faridabad-iid-1806179747,1585
Tata altroz car cover,₹ 600,"GADAIPUR, DELHI",2 DAYS AGO,https://www.olx.in/item/spare-parts-c1585-other-spare-parts-in-gadaipur-delhi-iid-1798464459,1585
Ecco car cover,"₹ 1,500","OMEX CITY, LUCKNOW",2 DAYS AGO,https://www.olx.in/item/spare-parts-c1585-other-spare-parts-in-omex-city-lucknow-iid-1804468000,1585
Ciaz Car Accessories (Window Sun Shades+Branded Floor Matts+Body Cover,"₹ 2,500","LOHEGAON LAXMI NAGAR, PUNE",2 DAYS AGO,https://www.olx.in/item/spare-parts-c1585-audio-other-accessories-in-lohegaon-laxmi-nagar-pune-iid-1805855155,1585
ERTIGA CAR -15 INCH STEEL WHEEL & WHEEL COVER,"₹ 18,500","ANDHERI EAST, MUMBAI",2 DAYS AGO,https://www.olx.in/item/spare-parts-c1585-other-spare-parts-in-andheri-east-mumbai-iid-1804239604,1585
2024 brezza car wheel rims brand new and covers 4nos.,"₹ 4,500","KATTUPAKKAM KGT NAGAR, CHENNAI",2 DAYS AGO,https://www.olx.in/item/spare-parts-c1585-wheels-tyres-in-kattupakkam-kgt-nagar-chennai-iid-1802718025,1585
Car vaccum and car cover of Toyota Glanza,"₹ 1,000","NAWADA, DELHI",3 DAYS AGO,https://www.olx.in/item/spare-parts-c1585-audio-other-accessories-in-nawada-delhi-iid-1806131379,1585
Car WagonR seat cover new cover one month use,"₹ 5,000","THURAIPAKKAM SRI SAI NAGAR, CHENNAI",3 DAYS AGO,https://www.olx.in/item/spare-parts-c1585-audio-other-accessories-in-thuraipakkam-sri-sai-nagar-chennai-iid-1805748280,1585
Alto 800 car cover,"₹ 1,500","KOTHAGONDAPALLI, TVS PLANT HOSUR",3 DAYS AGO,https://www.olx.in/item/spare-parts-c1585-other-spare-parts-in-kothagondapalli-tvs-plant-hosur-iid-1806078506,1585
Maruti Car Rim+FREE Wheel Cover,"₹ 1,500","SECTOR 120, NOIDA",3 DAYS AGO,https://www.olx.in/item/spare-parts-c1585-wheels-tyres-in-sector-120-noida-iid-1805660953,1585
Echo car cover,"₹ 1,500","KUMARSAMIPATI, SALEM",3 DAYS AGO,https://www.olx.in/item/spare-parts-c1585-other-spare-parts-in-kumarsamipati-salem-iid-1806059517,1585
Body cover for 4 wheeler car,"₹ 1,200","BALLYGUNGE CIRCULAR AREA, KOLKATA",3 DAYS AGO,https://www.olx.in/item/spare-parts-c1585-other-spare-parts-in-ballygunge-circular-area-kolkata-iid-1803071955,1585
Alto Car ka cover,₹ 800,"AISHBAGH, LUCKNOW",4 DAYS AGO,https://www.olx.in/item/spare-parts-c1585-other-spare-parts-in-aishbagh-lucknow-iid-1806028518,1585
Cellario / Cellario X Car Body Cover,₹ 700,"SECTOR 78, GURGAON",4 DAYS AGO,https://www.olx.in/item/spare-parts-c1585-other-spare-parts-in-sector-78-gurgaon-iid-1802686097,1585
Car steering cover,₹ 250,"KANDIVALI WEST, MUMBAI",4 DAYS AGO,https://www.olx.in/item/spare-parts-c1585-other-spare-parts-in-kandivali-west-mumbai-iid-1805522859,1585
Car wheel cover 4 pcs,₹ 300,"TARKAPUR, MIRZAPUR CUM VINDHYACHAL",4 DAYS AGO,https://www.olx.in/item/spare-parts-c1585-other-spare-parts-in-tarkapur-mirzapur-cum-vindhyachal-iid-1763478294,1585
Protection Cover from Monkey and Dog for Car,"₹ 1,500","SECTOR 47, GURGAON",4 DAYS AGO,https://www.olx.in/item/spare-parts-c1585-other-spare-parts-in-sector-47-gurgaon-iid-1804804653,1585
Car universal 9d seat covers,"₹ 9,999","DWARKA SECTOR 98, DELHI",4 DAYS AGO,https://www.olx.in/item/spare-parts-c1585-car-universal-9d-seat-covers-in-dwarka-sector-98-delhi-iid-1800676552,1585
Wagon R car seat cover,"₹ 2,500","AMBARNATH, ULHASNAGAR",4 DAYS AGO,https://www.olx.in/item/spare-parts-c1585-other-spare-parts-in-ambarnath-ulhasnagar-iid-1772903742,1585
CAR WOODEN BEADS- SEAT COVER,"₹ 1,000","THYCAUD, THIRUVANANTHAPURAM",4 DAYS AGO,https://www.olx.in/item/spare-parts-c1585-audio-other-accessories-in-thycaud-thiruvananthapuram-iid-1805978454,1585
Ford Ecosport 2013-17 model car cover with mirror and Antenna pockets,₹ 900,"RAMANKULANGARA, KOLLAM",4 DAYS AGO,https://www.olx.in/item/spare-parts-c1585-ford-ecosport-2013-17-model-car-cover-with-mirror-and-antenna-pockets-in-ramankulangara-kollam-iid-1801183922,1585
Car cover for sale,₹ 800,"VISWANATHA NAGENAHALLI, BENGALURU",4 DAYS AGO,https://www.olx.in/item/spare-parts-c1585-other-spare-parts-in-viswanatha-nagenahalli-bengaluru-iid-1805972483,1585
All cars side mirror batman cover abs plastic piano black,"₹ 2,499","GANGTOK PRIVATE ESTATE, GANGTOK",5 DAYS AGO,https://www.olx.in/item/spare-parts-c1585-all-cars-side-mirror-batman-cover-abs-plastic-piano-black-in-gangtok-private-estate-gangtok-iid-1804943156,1585
All cars side mirror cover batman style abs plastic piano black,"₹ 2,500","ANNA NAGAR, MADURAI",5 DAYS AGO,https://www.olx.in/item/spare-parts-c1585-all-cars-side-mirror-cover-batman-style-abs-plastic-piano-black-in-anna-nagar-madurai-iid-1802991925,1585
Car cover creta 2018,"₹ 1,000","CHANDRAVADDO, MARGAO",5 DAYS AGO,https://www.olx.in/item/spare-parts-c1585-other-spare-parts-in-chandravaddo-margao-iid-1805201803,1585
Santro Car Wheel Cover and Air Filter,"₹ 1,000","ELECTRONIC CITY, BENGALURU",5 DAYS AGO,https://www.olx.in/item/spare-parts-c1585-wheels-tyres-in-electronic-city-bengaluru-iid-1748593314,1585
Car cover of 800 I had sold the car,₹ 800,"GOLLAHALLI, BENGALURU",5 DAYS AGO,https://www.olx.in/item/spare-parts-c1585-other-spare-parts-in-gollahalli-bengaluru-iid-1804345056,1585
Renault Kiger car cover waterproof,₹ 800,"KHARDAHA, KOLKATA",5 DAYS AGO,https://www.olx.in/item/spare-parts-c1585-audio-other-accessories-in-khardaha-kolkata-iid-1805881815,1585
Car seat cover,₹ 300,"PURVI PATEL NAGAR, DEHRADUN",5 DAYS AGO,https://www.olx.in/item/spare-parts-c1585-other-spare-parts-in-purvi-patel-nagar-dehradun-iid-1805181623,1585
Car Cover for Full size sedan car,₹ 700,"AUNDH SONEWADI, PUNE",5 DAYS AGO,https://www.olx.in/item/spare-parts-c1585-other-spare-parts-in-aundh-sonewadi-pune-iid-1805578967,1585
"Wholesale price Car Accessories, Car Body Cover, Rain Cover, Car Matt",₹ 59,"PUSHPANJALI, ROORKEE",5 DAYS AGO,https://www.olx.in/item/spare-parts-c1585-other-spare-parts-in-pushpanjali-roorkee-iid-1798263059,1585
VW polo brand new waterproof car cover and sun blinds,"₹ 1,000","BTM LAYOUT STAGE 1, BENGALURU",6 DAYS AGO,https://www.olx.in/item/spare-parts-c1585-audio-other-accessories-in-btm-layout-stage-1-bengaluru-iid-1805807450,1585
Wagon r car cover,"₹ 1,000","SHREE ANANTH NAGAR LAYOUT, BENGALURU",6 DAYS AGO,https://www.olx.in/item/spare-parts-c1585-other-spare-parts-in-shree-ananth-nagar-layout-bengaluru-iid-1805782092,1585
Maruti Suzuki car cover n mirror with reasonable price,"₹ 3,000","BALIA, BIHAR",6 DAYS AGO,https://www.olx.in/item/spare-parts-c1585-maruti-suzuki-car-cover-n-mirror-with-reasonable-price-in-balia-bihar-iid-1802592093,1585
Maruti Suzuki Car Body Cover - Basic,"₹ 1,299","PORUR KAVYA GARDEN, CHENNAI",6 DAYS AGO,https://www.olx.in/item/spare-parts-c1585-audio-other-accessories-in-porur-kavya-garden-chennai-iid-1804334057,1585
Santro car cover,"₹ 1,500","SECTOR 51, GURGAON",6 DAYS AGO,https://www.olx.in/item/spare-parts-c1585-other-spare-parts-in-sector-51-gurgaon-iid-1805734846,1585
I20 car cover and sunnshade for sale in excellent condition,"₹ 2,000","KOH E FIZA, BHOPAL",6 DAYS AGO,https://www.olx.in/item/spare-parts-c1585-other-spare-parts-in-koh-e-fiza-bhopal-iid-1805727458,1585
Honda City Car Cover,₹ 50,"VENNALA, KOCHI",MAY 01,https://www.olx.in/item/spare-parts-c1585-other-spare-parts-in-vennala-kochi-iid-1805722511,1585
Car cover waterproof for i10 waganR,₹ 500,"KOYER BASTI, PUNE",MAY 01,https://www.olx.in/item/spare-parts-c1585-other-spare-parts-in-koyer-basti-pune-iid-1805721716,1585
Grand i10 Car cover,₹ 750,"CHANDRANAGAR, PALAKKAD",MAY 01,https://www.olx.in/item/spare-parts-c1585-other-spare-parts-in-chandranagar-palakkad-iid-1802070128,1585
URGENTALY SELL NEW PROTUL SOKET RINCH SET 21 PEICE & BELENO CAR COVER,"₹ 5,600","ECO GREEN CITY, BHOPAL",MAY 01,https://www.olx.in/item/spare-parts-c1585-other-spare-parts-in-eco-green-city-bhopal-iid-1761197513,1585
MG hector Car cover,"₹ 1,000","TECHZONE 4, GREATER NOIDA",MAY 01,https://www.olx.in/item/spare-parts-c1585-other-spare-parts-in-techzone-4-greater-noida-iid-1799554909,1585
Volkswagen car cover,₹ 700,"GAUARI VIHAR, JAIPUR",MAY 01,https://www.olx.in/item/spare-parts-c1585-other-spare-parts-in-gauari-vihar-jaipur-iid-1805642459,1585
Car Cover for Sale,₹ 650,"TAMBARAM, CHENNAI",MAY 01,https://www.olx.in/item/spare-parts-c1585-audio-other-accessories-in-tambaram-chennai-iid-1805624278,1585
Tata NexonNeo Drift Crystal Tech Car Cover,"₹ 3,000","VIRAR EAST, MUMBAI",APR 30,https://www.olx.in/item/spare-parts-c1585-other-spare-parts-in-virar-east-mumbai-iid-1802593196,1585
Wheel cover R16 fronx car,"₹ 1,500","SECTOR 64, NOIDA",APR 30,https://www.olx.in/item/spare-parts-c1585-wheels-tyres-in-sector-64-noida-iid-1805611096,1585
Car cover for big cars,₹ 700,"SATHYAMURTHI NAGAR VENKATESHWARA NAGAR, CHENNAI",APR 30,https://www.olx.in/item/spare-parts-c1585-audio-other-accessories-in-sathyamurthi-nagar-venkateshwara-nagar-chennai-iid-1805605773,1585
Windshield Umbrella Sunshade Cover & Mini Car Trash Can with lid,₹ 599,"KRISHNARAJAPURAM, BENGALURU",APR 30,https://www.olx.in/item/spare-parts-c1585-other-spare-parts-in-krishnarajapuram-bengaluru-iid-1805549302,1585
Car seat covers,"₹ 3,000","MAVALLI, BENGALURU",APR 29,https://www.olx.in/item/spare-parts-c1585-other-spare-parts-in-mavalli-bengaluru-iid-1800843034,1585
Duster Car Key Cover,₹ 100,"WAZIRABAD, DELHI",APR 29,https://www.olx.in/item/spare-parts-c1587-duster-car-key-cover-in-wazirabad-delhi-iid-1805520148,1587
Car alloy and cover,"₹ 28,000","SECTOR 87, FARIDABAD",APR 29,https://www.olx.in/item/spare-parts-c1585-wheels-tyres-in-sector-87-faridabad-iid-1805484956,1585
SWIFT DESIRE VDI CAR COVER FOR SALE,"₹ 1,200","HANSKHERA, LUCKNOW",APR 29,https://www.olx.in/item/spare-parts-c1585-audio-other-accessories-in-hanskhera-lucknow-iid-1805482580,1585
New creta car seat covers blr,"₹ 13,000","DODDAKAMMANAHALLI, BENGALURU",APR 29,https://www.olx.in/item/spare-parts-c1585-audio-other-accessories-in-doddakammanahalli-bengaluru-iid-1802138632,1585
Car seat cover I10 grand vsp,"₹ 6,500","SEETAMMA PETA, VISAKHAPATNAM",APR 29,https://www.olx.in/item/spare-parts-c1585-audio-other-accessories-in-seetamma-peta-visakhapatnam-iid-1801124439,1585
Car stearing covers blr,"₹ 1,300","DODDAKAMMANAHALLI, BENGALURU",APR 29,https://www.olx.in/item/spare-parts-c1585-audio-other-accessories-in-doddakammanahalli-bengaluru-iid-1802138150,1585
Car steering & wheel cover maruti brezza 2025,"₹ 4,000","INDIRAPURAM, GHAZIABAD",APR 28,https://www.olx.in/item/spare-parts-c1585-wheels-tyres-in-indirapuram-ghaziabad-iid-1800777449,1585
New Ertiga Car Cover + Sun Shades for Sale | Best Quality,"₹ 4,000","PENDURTHI, VISAKHAPATNAM",APR 28,https://www.olx.in/item/spare-parts-c1585-other-spare-parts-in-pendurthi-visakhapatnam-iid-1805400325,1585
Car cover good condition,"₹ 1,500","BENIAPUKUR, KOLKATA",APR 28,https://www.olx.in/item/spare-parts-c1585-other-spare-parts-in-beniapukur-kolkata-iid-1805377853,1585
Alto k 10 car cover,"₹ 1,000","DLS COLONY, VISAKHAPATNAM",APR 28,https://www.olx.in/item/spare-parts-c1585-other-spare-parts-in-dls-colony-visakhapatnam-iid-1805363326,1585
Car body cover wagonr and swift dizre,"₹ 1,500","FACTORY AREA, KANPUR",APR 28,https://www.olx.in/item/spare-parts-c1585-other-spare-parts-in-factory-area-kanpur-iid-1805355300,1585
Honda Amaze Floor Mat & Car Cover for sale slightly used,"₹ 1,300","KOVILAMBAKKAM TAMIL KUDI MAKHAN NAGAR, CHENNAI",APR 28,https://www.olx.in/item/spare-parts-c1585-other-spare-parts-in-kovilambakkam-tamil-kudi-makhan-nagar-chennai-iid-1805341670,1585
Wheel cover for car,₹ 251,"DHAULI PYAU, MATHURA",APR 28,https://www.olx.in/item/spare-parts-c1585-wheels-tyres-in-dhauli-pyau-mathura-iid-1805338519,1585
Car cover bolero and thar,"₹ 1,300","CLEVELAND TOWN, BENGALURU",APR 27,https://www.olx.in/item/spare-parts-c1585-audio-other-accessories-in-cleveland-town-bengaluru-iid-1805313508,1585
Car Body covers,"₹ 6,000","MIRA ROAD, MUMBAI",APR 27,https://www.olx.in/item/spare-parts-c1585-other-spare-parts-in-mira-road-mumbai-iid-1805301286,1585
Batman mirror cover avilable for all cars,"₹ 3,000","NITHARI, DELHI",APR 27,https://www.olx.in/item/spare-parts-c1585-other-spare-parts-in-nithari-delhi-iid-1805259407,1585
Car Cover for TATA Indica,₹ 550,"KANDIGAI, CHENNAI",APR 27,https://www.olx.in/item/spare-parts-c1585-other-spare-parts-in-kandigai-chennai-iid-1805247924,1585
Original Mercedes GLE (2017) car cover,"₹ 6,500","SECTOR 48, GURGAON",APR 27,https://www.olx.in/item/spare-parts-c1585-other-spare-parts-in-sector-48-gurgaon-iid-1804404881,1585
Celerio car cover,₹ 150,"ECIL, HYDERABAD",APR 27,https://www.olx.in/item/spare-parts-c1585-audio-other-accessories-in-ecil-hyderabad-iid-1805239352,1585
Honda AMAZE car cover in mint condition. Not even used for once,"₹ 1,500","SECTOR 78, NOIDA",APR 27,https://www.olx.in/item/spare-parts-c1585-other-spare-parts-in-sector-78-noida-iid-1805235752,1585
"WagonR car cover, dual cloth with fibre, water resistant (negotiable)",₹ 750,"SECTOR 12, NOIDA",APR 26,https://www.olx.in/item/spare-parts-c1585-other-spare-parts-in-sector-12-noida-iid-1805166644,1585
Car and Bike Covers,₹ 800,"RANAMATH NAGAR, BENGALURU",APR 26,https://www.olx.in/item/spare-parts-c1587-car-and-bike-covers-in-ranamath-nagar-bengaluru-iid-1774294211,1587
Car powerful head light and fog lights all cars body cover available a,"₹ 5,000","TARKHAD, NAVGHAR-MANIKPUR",APR 25,https://www.olx.in/item/spare-parts-c1585-audio-other-accessories-in-tarkhad-navghar-manikpur-iid-1801431804,1585
Swift dezire Car seat covers,"₹ 6,000","RAMPALLI, HYDERABAD",APR 25,https://www.olx.in/item/spare-parts-c1585-other-spare-parts-in-rampalli-hyderabad-iid-1805083636,1585
Brand new seat cover for Ertiga car,"₹ 3,000","MADANGIR, DELHI",APR 25,https://www.olx.in/item/spare-parts-c1585-other-spare-parts-in-madangir-delhi-iid-1805070720,1585
"16 inch disk with wheel cover for cars. Suitable for Brezza, Creta etc","₹ 6,500","IRITTY, KANNUR",APR 24,https://www.olx.in/item/spare-parts-c1585-wheels-tyres-in-iritty-kannur-iid-1805009655,1585
Wheel Cap / cover for Maruti RITZ Car,"₹ 1,000","CHROMEPET BHARTHI PURAM, CHENNAI",APR 24,https://www.olx.in/item/spare-parts-c1585-other-spare-parts-in-chromepet-bharthi-puram-chennai-iid-1804989927,1585
Car Seat Bead Cover for Ventilation & Comfort,₹ 900,"VEERASANDRA, BENGALURU",APR 24,https://www.olx.in/item/spare-parts-c1585-audio-other-accessories-in-veerasandra-bengaluru-iid-1804978675,1585
Car seat cover vsp,"₹ 8,500","KOPPA BEGUR ROAD, BENGALURU",APR 24,https://www.olx.in/item/spare-parts-c1585-audio-other-accessories-in-koppa-begur-road-bengaluru-iid-1799247164,1585
Car seat covers vsp,"₹ 4,500","SEETAMMA PETA, VISAKHAPATNAM",APR 24,https://www.olx.in/item/spare-parts-c1585-audio-other-accessories-in-seetamma-peta-visakhapatnam-iid-1800631034,1585
Car seat covers vsp,"₹ 13,000","SEETAMMA PETA, VISAKHAPATNAM",APR 24,https://www.olx.in/item/spare-parts-c1585-audio-other-accessories-in-seetamma-peta-visakhapatnam-iid-1800731891,1585
Car seat cover del,"₹ 3,800","TEEN MURTI MARG AREA, DELHI",APR 24,https://www.olx.in/item/spare-parts-c1585-audio-other-accessories-in-teen-murti-marg-area-delhi-iid-1804950168,1585
Car windshield cover,₹ 350,"SUBHASH NAGAR, JHAJJAR",APR 23,https://www.olx.in/item/spare-parts-c1585-other-spare-parts-in-subhash-nagar-jhajjar-iid-1804855407,1585
WOODEN BEADS CAR SEAT COVER,₹ 500,"VALLALAR, AMBATTUR",APR 22,https://www.olx.in/item/spare-parts-c1585-audio-other-accessories-in-vallalar-ambattur-iid-1804811550,1585
All type of seat cover for cars,"₹ 1,600","NEW INDUSTRIAL TOWNSHIP 3, FARIDABAD",APR 22,https://www.olx.in/item/spare-parts-c1585-audio-other-accessories-in-new-industrial-township-3-faridabad-iid-1799788515,1585
Car no plate cover,₹ 150,"PANDAV NAGAR, DELHI",APR 22,https://www.olx.in/item/spare-parts-c1585-other-spare-parts-in-pandav-nagar-delhi-iid-1804770411,1585
Skoda Superb Car Cover,"₹ 4,900","KUVEMPU NAGAR STAGE 2, BOMMANAHALLI",APR 22,https://www.olx.in/item/spare-parts-c1585-other-spare-parts-in-kuvempu-nagar-stage-2-bommanahalli-iid-1804752591,1585
Car cover for toyota innova car,₹ 699,"SHIKSHAK COLONY, PORBANDAR",APR 21,https://www.olx.in/item/spare-parts-c1585-audio-other-accessories-in-shikshak-colony-porbandar-iid-1804741682,1585
New kia saltos car wheel and stepni cover,"₹ 3,000","VISHWAS KHAND, LUCKNOW",APR 21,https://www.olx.in/item/spare-parts-c1585-wheels-tyres-in-vishwas-khand-lucknow-iid-1785770205,1585
MARUTI K10/800 or SIMILAR CAR- ORIGINAL BODY COVER,₹ 900,"MADURDAHA, KOLKATA",APR 21,https://www.olx.in/item/spare-parts-c1585-other-spare-parts-in-madurdaha-kolkata-iid-1767516260,1585
Car body cover,"₹ 1,600","BALLYGUNGE CIRCULAR AREA, KOLKATA",APR 21,https://www.olx.in/item/spare-parts-c1585-other-spare-parts-in-ballygunge-circular-area-kolkata-iid-1804671910,1585
Body car cover for sale,₹ 500,"RAMNATHAPURAM, PALAKKAD",APR 21,https://www.olx.in/item/spare-parts-c1585-other-spare-parts-in-ramnathapuram-palakkad-iid-1804668639,1585
Premium leather car seat covers for hyundai creta,"₹ 25,000","PARK CIRCUS, KOLKATA",APR 21,https://www.olx.in/item/spare-parts-c1585-other-spare-parts-in-park-circus-kolkata-iid-1804655471,1585
Car Wheels Cover,₹ 800,"JANAKPURI, DELHI",APR 20,https://www.olx.in/item/spare-parts-c1585-wheels-tyres-in-janakpuri-delhi-iid-1749131170,1585
Alto waterproof car cover original,₹ 750,"THIRUKKURUNGUDI, ERUVADI",APR 20,https://www.olx.in/item/spare-parts-c1585-other-spare-parts-in-thirukkurungudi-eruvadi-iid-1797444478,1585
Seltos Car cover unused,"₹ 2,400","SECTOR 35D, CHANDIGARH",APR 20,https://www.olx.in/item/spare-parts-c1585-other-spare-parts-in-sector-35d-chandigarh-iid-1804632609,1585
Car cover for Maruti Suzuki Dzire,₹ 750,"SAHEED NAGAR, BHUBANESHWAR",APR 20,https://www.olx.in/item/spare-parts-c1585-other-spare-parts-in-saheed-nagar-bhubaneshwar-iid-1804621953,1585
Car body cover,₹ 700,"ASHOK NAGAR NEAR CHANDAN NAGAR, PUNE",APR 20,https://www.olx.in/item/spare-parts-c1585-other-spare-parts-in-ashok-nagar-near-chandan-nagar-pune-iid-1804600013,1585
KIA SONET CAR COVER,₹ 499,"PATPARGANJ, DELHI",APR 20,https://www.olx.in/item/spare-parts-c1585-other-spare-parts-in-patparganj-delhi-iid-1804270809,1585
Old Seat cover 10pc of car likely a new condition,₹ 400,"BASANT VIHAR, KOTA",APR 20,https://www.olx.in/item/spare-parts-c1585-other-spare-parts-in-basant-vihar-kota-iid-1804564380,1585
Punch car cover,"₹ 1,400","SHREE DATTA NAGAR, NASHIK",APR 19,https://www.olx.in/item/spare-parts-c1587-punch-car-cover-in-shree-datta-nagar-nashik-iid-1804541663,1587
Venue car body cover,"₹ 1,800","GANESHPUR, BELAGAVI",APR 19,https://www.olx.in/item/spare-parts-c1585-venue-car-body-cover-in-ganeshpur-belagavi-iid-1804497258,1585
Honda WRV car cover,₹ 700,"MADAMBAKKAM, TAMBARAM",APR 19,https://www.olx.in/item/spare-parts-c1585-other-spare-parts-in-madambakkam-tambaram-iid-1804494233,1585
Nexa Baleno Car cover,₹ 750,"SOHNA SECTOR 14, GURGAON",APR 19,https://www.olx.in/item/spare-parts-c1585-other-spare-parts-in-sohna-sector-14-gurgaon-iid-1804487810,1585
"Car Sun Shade Windshield Cover, Umbrella Sun Shade for Most Vehicles,",₹ 699,"EAST OF KAILASH, DELHI",APR 18,https://www.olx.in/item/spare-parts-c1585-audio-other-accessories-in-east-of-kailash-delhi-iid-1804430434,1585
"Car Jack, Car Cover Linea & Alto. Tool kit Linea","₹ 4,250","SECTOR 33B, CHANDIGARH",APR 18,https://www.olx.in/item/spare-parts-c1585-other-spare-parts-in-sector-33b-chandigarh-iid-1800049743,1585
Skoda Rapid car cover original,"₹ 2,500","OLD PALLAVARAM SJ NAGAR, CHENNAI",APR 17,https://www.olx.in/item/spare-parts-c1585-other-spare-parts-in-old-pallavaram-sj-nagar-chennai-iid-1803186434,1585
Hyundai i10 car cover,₹ 800,"SAWTHI NAGAR, THIRUVANANTHAPURAM",APR 17,https://www.olx.in/item/spare-parts-c1585-other-spare-parts-in-sawthi-nagar-thiruvananthapuram-iid-1804353294,1585
All accessories all type car seat cover in modified,"₹ 3,000","VITHALWADI, THANE",APR 17,https://www.olx.in/item/spare-parts-c1585-other-spare-parts-in-vithalwadi-thane-iid-1804352295,1585
Car keys cover,₹ 350,"PREM NAGAR 2, GURGAON",APR 17,https://www.olx.in/item/spare-parts-c1585-audio-other-accessories-in-prem-nagar-2-gurgaon-iid-1804235284,1585
HINDA AMAZE 2015 CAR COVER,"₹ 1,500","ELICHPUR, PALWANCHA",APR 17,https://www.olx.in/item/spare-parts-c1585-other-spare-parts-in-elichpur-palwancha-iid-1804344825,1585
Maruti A star car cover,₹ 550,"PANORAMA NAGAR, KOCHI",APR 17,https://www.olx.in/item/spare-parts-c1585-other-spare-parts-in-panorama-nagar-kochi-iid-1804330111,1585
Mahindra 3XO Car 3 Layer - 7D Floor Mat & Car Cover,"₹ 8,000","UNTA, JEHANABAD",APR 17,https://www.olx.in/item/spare-parts-c1585-mahindra-3xo-car-3-layer-7d-floor-mat-car-cover-in-unta-jehanabad-iid-1804300671,1585
Nano car seat covers,"₹ 1,000","KANAKIA ROAD, MUMBAI",APR 17,https://www.olx.in/item/spare-parts-c1585-other-spare-parts-in-kanakia-road-mumbai-iid-1803932934,1585
TATA Car Key Metal Cover Nexon | Safari | Altroz |Tigor| Punch | Tiago,₹ 349,"BAGUIATI, KOLKATA",APR 16,https://www.olx.in/item/spare-parts-c1585-other-spare-parts-in-baguiati-kolkata-iid-1787008504,1585
Kiwd car taped cover,"₹ 1,500","POLICE HEAD QUARTER NAGAR, NAGPUR",APR 16,https://www.olx.in/item/spare-parts-c1585-other-spare-parts-in-police-head-quarter-nagar-nagpur-iid-1804172694,1585
Honda Amaze Car Cover,"₹ 1,500","MALLAPPA LAYOUT, BENGALURU",APR 16,https://www.olx.in/item/spare-parts-c1585-audio-other-accessories-in-mallappa-layout-bengaluru-iid-1801229083,1585
"Car cover, protection from dogs, monkeys etc.","₹ 3,090","SURAJMAL VIHAR, DELHI",APR 16,https://www.olx.in/item/spare-parts-c1585-audio-other-accessories-in-surajmal-vihar-delhi-iid-1766147379,1585
All cars accessories and all car seat cover,₹ 300,"BISRAKH, GREATER NOIDA",APR 15,https://www.olx.in/item/spare-parts-c1587-all-cars-accessories-and-all-car-seat-cover-in-bisrakh-greater-noida-iid-1804158402,1587
Indica vista rain and dust car cover,₹ 850,"SEWRI, MUMBAI",APR 15,https://www.olx.in/item/spare-parts-c1585-other-spare-parts-in-sewri-mumbai-iid-1804157954,1585
Tata nexon car key cover,₹ 300,"SECTOR 76, NOIDA",APR 15,https://www.olx.in/item/spare-parts-c1585-other-spare-parts-in-sector-76-noida-iid-1804156758,1585
Hyundai Xcent SX Car seat cover,"₹ 1,000","MISROD, BHOPAL",APR 15,https://www.olx.in/item/spare-parts-c1585-other-spare-parts-in-misrod-bhopal-iid-1804147593,1585
Brezza car cover new,"₹ 1,000","VASUDHA, CALAPOR",APR 15,https://www.olx.in/item/spare-parts-c1585-brezza-car-cover-new-in-vasudha-calapor-iid-1793989251,1585
S cross car cover,"₹ 2,000","TORAPADI, VELLORE",APR 15,https://www.olx.in/item/spare-parts-c1585-other-spare-parts-in-torapadi-vellore-iid-1804142893,1585
Car seat cover wholesaler start with price 1200,"₹ 1,200","JHANDA MOHALLA, DEHRADUN",APR 15,https://www.olx.in/item/spare-parts-c1585-audio-other-accessories-in-jhanda-mohalla-dehradun-iid-1796874064,1585
H K G N car seat covers,"₹ 3,500","LAL BAGH, BENGALURU",APR 15,https://www.olx.in/item/spare-parts-c1585-other-spare-parts-in-lal-bagh-bengaluru-iid-941616869,1585
Car seat covers,"₹ 3,000","DHARAMPURA, DELHI",APR 15,https://www.olx.in/item/spare-parts-c1585-audio-other-accessories-in-dharampura-delhi-iid-1804078604,1585
Car cover for CRETA used but in undamaged condition,"₹ 1,200","SECTOR 78, NOIDA",APR 15,https://www.olx.in/item/spare-parts-c1585-other-spare-parts-in-sector-78-noida-iid-1801077368,1585
Car Sun Shade Windshield Cover,₹ 596,"ADARSH NAGAR, SONIPAT",APR 14,https://www.olx.in/item/spare-parts-c1585-other-spare-parts-in-adarsh-nagar-sonipat-iid-1804055389,1585
Swift Car Cover Brand New,"₹ 2,500","EDAYARPALAYAM, COIMBATORE",APR 14,https://www.olx.in/item/spare-parts-c1585-other-spare-parts-in-edayarpalayam-coimbatore-iid-1801010096,1585
Car cover sealed,₹ 500,"BALDI, KARNAL",APR 14,https://www.olx.in/item/spare-parts-c1585-other-spare-parts-in-baldi-karnal-iid-1803974618,1585
Car Body cover of MINI SUV,₹ 999,"THURAIPAKKAM RAMAN NAGAR, CHENNAI",APR 14,https://www.olx.in/item/spare-parts-c1585-other-spare-parts-in-thuraipakkam-raman-nagar-chennai-iid-1803970614,1585
"Car Sun Light Windshield Cover,Umbrella Windshield Sun Light Car",₹ 450,"SONARI, JAMSHEDPUR",APR 14,https://www.olx.in/item/spare-parts-c1585-other-spare-parts-in-sonari-jamshedpur-iid-1803648936,1585
Maruti Ritz Car Cover,₹ 849,"DAHISAR EAST, MUMBAI",APR 13,https://www.olx.in/item/spare-parts-c1585-audio-other-accessories-in-dahisar-east-mumbai-iid-1803894917,1585
Car cover water proof,₹ 650,"TRIMULGHERRY, HYDERABAD",APR 13,https://www.olx.in/item/spare-parts-c1585-other-spare-parts-in-trimulgherry-hyderabad-iid-1803888410,1585
Car seat cover,"₹ 1,000","SHANTINAGAR, ASANSOL MC",APR 13,https://www.olx.in/item/spare-parts-c1585-other-spare-parts-in-shantinagar-asansol-mc-iid-1761645987,1585
Seat Cover of Maruti Baleno Car,"₹ 5,000","NATIONAL COLONY, JABALPUR",APR 13,https://www.olx.in/item/spare-parts-c1585-audio-other-accessories-in-national-colony-jabalpur-iid-1803883243,1585
Black colour seat covers for Swift car,"₹ 3,200","KPHB, HYDERABAD",APR 13,https://www.olx.in/item/spare-parts-c1585-black-colour-seat-covers-for-swift-car-in-kphb-hyderabad-iid-1803874087,1585
car seat cover for sell,₹ 599,"RC VYAS COLONY, BHILWARA",APR 12,https://www.olx.in/item/spare-parts-c1585-other-spare-parts-in-rc-vyas-colony-bhilwara-iid-1803863741,1585
WagonR car cover,"₹ 2,000","TELIPARA, BILASPUR",APR 12,https://www.olx.in/item/spare-parts-c1585-other-spare-parts-in-telipara-bilaspur-iid-1783603373,1585
Roger car sear cover,"₹ 1,500","VIDUT NAGAR COLONY, VADODARA",APR 12,https://www.olx.in/item/spare-parts-c1585-other-spare-parts-in-vidut-nagar-colony-vadodara-iid-1803789457,1585
Maruti Swift Dezire Body Car Cover,₹ 500,"JANKIPURAM, LUCKNOW",APR 12,https://www.olx.in/item/spare-parts-c1585-other-spare-parts-in-jankipuram-lucknow-iid-1800047184,1585
New Swift car seat cover original lether,"₹ 7,000","PROFULLA NAGAR, HABRA",APR 11,https://www.olx.in/item/spare-parts-c1585-audio-other-accessories-in-profulla-nagar-habra-iid-1800744761,1585
Baleno car cover,"₹ 1,500","BUDIGERE CROSS, BENGALURU",APR 10,https://www.olx.in/item/spare-parts-c1585-other-spare-parts-in-budigere-cross-bengaluru-iid-1803676146,1585
Best car cover in the world,"₹ 1,500","AB BYPASS ROAD, INDORE",APR 10,https://www.olx.in/item/spare-parts-c1585-audio-other-accessories-in-ab-bypass-road-indore-iid-1803655501,1585
Tiago Car Cover plus duster brush,"₹ 1,200","SECTOR 34D, CHANDIGARH",APR 10,https://www.olx.in/item/spare-parts-c1585-other-spare-parts-in-sector-34d-chandigarh-iid-1803589700,1585
Car seat cover vsp,"₹ 5,700","SEETAMMA PETA, VISAKHAPATNAM",APR 09,https://www.olx.in/item/spare-parts-c1585-audio-other-accessories-in-seetamma-peta-visakhapatnam-iid-1803558494,1585
16 inch car rims and cover,"₹ 6,000","NADUVATTOM, EDAPPAL",APR 09,https://www.olx.in/item/spare-parts-c1585-wheels-tyres-in-naduvattom-edappal-iid-1803536737,1585
CAR BODY COVER,"₹ 2,500","WOODPETE, ANAKAPALLE",APR 09,https://www.olx.in/item/spare-parts-c1585-other-spare-parts-in-woodpete-anakapalle-iid-1803519182,1585
Ritz car cover,₹ 800,"ASHOK NAGAR, CHENNAI",APR 09,https://www.olx.in/item/spare-parts-c1585-other-spare-parts-in-ashok-nagar-chennai-iid-1803517422,1585
EON/alto/K10 or any small car body cover,"₹ 1,700","DINNUR, HOSUR",APR 09,https://www.olx.in/item/spare-parts-c1585-other-spare-parts-in-dinnur-hosur-iid-1803500815,1585
Maruthi Spresso 4 original brand new car wheel cover,"₹ 3,000","DWARKA SECTOR 98, DELHI",APR 08,https://www.olx.in/item/spare-parts-c1585-wheels-tyres-in-dwarka-sector-98-delhi-iid-1800317896,1585
"Dzire sunshades, Floor mats, car cover and car bulbs","₹ 3,000","ELECTRONIC CITY, BENGALURU",APR 08,https://www.olx.in/item/spare-parts-c1585-audio-other-accessories-in-electronic-city-bengaluru-iid-1803396723,1585
Boleno car cover,₹ 800,"KILOKRI, DELHI",APR 08,https://www.olx.in/item/spare-parts-c1585-other-spare-parts-in-kilokri-delhi-iid-1803393554,1585
Designer car seat cover vsp,"₹ 12,000","SEETAMMA PETA, VISAKHAPATNAM",APR 08,https://www.olx.in/item/spare-parts-c1585-audio-other-accessories-in-seetamma-peta-visakhapatnam-iid-1803390808,1585
Best design seat covers for cars !,₹ 650,"GOLBARI, HOWRAH",OCT 26,https://www.olx.in/item/spare-parts-c1585-audio-other-accessories-in-golbari-howrah-iid-1784924538,1585
Mahindra Car key cover and key chain,₹ 500,"KESHAV NAGAR, KANPUR",OCT 06,https://www.olx.in/item/spare-parts-c1585-other-spare-parts-in-keshav-nagar-kanpur-iid-1786081891,1585
